adult,
25,2.4
25,2.6
27.08695652,2.6
27.04347826,2.8
30.17391304,3.2
30.13043478,3.45
32.2173913,3.45
32.2173913,3.75
33.2173913,3.9
33.26086957,4.25
larvae,
25,1.25
25.04347826,1.35
27.08695652,1.45
27.08695652,1.6
30.17391304,1.55
30.17391304,1.6
32.2173913,1.65
32.2173913,1.75